message_id,thread_id,source_type,author_id,reply_to_id,created_at,text
naver-20260921-001,naver-006-0000137841,naver_comment,user_001,,2026-09-21T16:42:15+09:00,"PERSON_01,PERSON_02이나 단속해"
naver-20260921-002,naver-006-0000137841,naver_comment,user_002,,2026-09-21T16:00:06+09:00,"대통령의 친구가 되고싶으면 품격을 지킵시다. 대통령 말씀에도 바뀌지 않으면 혐오, 조롱 유투브로 대통령팔이 돈벌이 하고 있다고 봐야죠. 대통령 지지율 회복을 방해하는겁니다."
naver-20260921-003,naver-006-0000137841,naver_comment,user_003,,2026-09-21T15:52:25+09:00,뉴스공장이 국내 최대의 음모론 희화화 조롱 가짜뉴스 근본 진원지인데?
naver-20260921-005,naver-006-0000137841,naver_comment,user_004,,2026-09-21T15:46:30+09:00,"상대방 조롱을 가장 많이 하는 조작공장 진행자가 할 말은 아닌 것 같습니다. 조작공장에서 운영하는 딴지 게시판 보셨나요? 일베가 어머니 아버지 할 것 같은 온갖 조롱과 혐오가 득실하는 곳 아닙니까? 진짜 바른말 하는 곳은 게시판의 유배지라는 곳에 모인다면서요? 이건 조롱이라고 할 수 없는 혐오 방송이지요. 그곳 출연자 중 PERSON_04 씨는 대통령 순방을 외유라고 했다가 정정 받았다지요? 참 가관도 아닙니다. 그렇게 살지 마시고, 그쪽이나 공정해 보시면 좋겠습니다. 참 적당히 하십시요"
naver-20260921-006,naver-006-0000137841,naver_comment,user_005,,2026-09-21T15:45:26+09:00,각 분야에서 잘 나가고 똑똑한(?)사람을 보면 괜히 배알이 뒤틀리고 아니꼬워 하는 조선족 특유의 기질 때문 아닐까요?
naver-20260921-007,naver-006-0000137841,naver_comment,user_006,,2026-09-21T15:42:31+09:00,"PERSON_03씨. 아무리 본인이 PERSON_01한테 돈 받으며 방송한다지만, 니들 방송부터 좀 봐. 누가 누굴 조롱하고 희화화하고있는지. 보기 싫은거야? 안보는거야? 이것들은 하나같이 피해자코스프레 하는데, 누가 누굴 조롱하고 희화화 하는지 모르겠으면 PERSON_05의 발언을 들어보고, 딴지게시판을 봐. 정확히 눈을 뜨고 봐"
naver-20260921-008,naver-006-0000137841,naver_comment,user_007,,2026-09-21T15:39:36+09:00,"맞는말~~~!!!! 한경오 유튜브 보면 진짜 가관이다....  PERSON_06, PERSON_07, PERSON_08과 PERSON_09가... 낄낄, 키득키득 조롱에 비난에~~~ 저 인간들이 진짜 지식과 이성을 가진 성인들이 맞나 싶은 정도다~~~ 요즘은 중2 애들도 저러지는 않는다... 조롱이 선을 넘어서~~ 솔직히... 저급해서 들을 수가 없다.. 그냥 소음이다."
naver-20260921-009,naver-006-0000137841,naver_comment,user_008,,2026-09-21T15:31:04+09:00,PERSON_03 겸공 응원합니다.
naver-20260921-010,naver-006-0000137841,naver_comment,user_009,,2026-09-21T15:25:32+09:00,개인방송에서도안할만한재래식방송유튜브!!썸네일도문제고!!진행자나패널다같이조롱에낄낄거림!!안보면된다지만!!해도해도너무하더라
naver-20260921-011,naver-006-0000137841,naver_comment,user_010,,2026-09-21T15:17:44+09:00,PERSON_03씨 님들의 채널 뉴스공장에서도 마찬가지죠. PERSON_01 만나면 똑같이 얘기해줘요
naver-20260921-012,naver-006-0000137841,naver_comment,user_011,,2026-09-21T15:06:28+09:00,오늘의  사탁에는 PERSON_05이 시작했다고  해도 과언은 아니다
naver-20260921-013,naver-006-0000137841,naver_comment,user_012,,2026-09-21T15:04:23+09:00,충심에서 다시 한번 말하는데. PERSON_05 PERSON_01은 더이상 입털지 마라. 오해하지 마라. 이건 충심이다. —- 충심 충심. PERSON_05이 대통령 모욕할 때 쓰는 단어인데. 다른 사람이 쓰면 일베의 언어인가요? 아하 PERSON_05이 일베!!!
naver-20260921-014,naver-006-0000137841,naver_comment,user_013,,2026-09-21T15:01:04+09:00,"경향, 한국일보, jtbc 는 유투브 시사프로그램 참여가 조롱과 혐오 컨텐츠로 본인들 원래 브랜드에 얼마나 손상을 가하고 있는지 되돌아 보길 바라지만 기대는 안해요~"
naver-20260921-016,naver-006-0000137841,naver_comment,user_014,,2026-09-21T14:52:25+09:00,니네나 잘하세요 지들이 하면 비평이고 남이 하면 조롱이고 혐오냐? 웃기고 있네 겸공에 지들 편만 불러서 방송하는 것들이 어디서 편향적이라고 남을 비판해 니네나 잘해
naver-20260921-018,naver-006-0000137841,naver_comment,user_015,,2026-09-21T14:49:08+09:00,지들은 아닌척 역겹다
naver-20260921-019,naver-006-0000137841,naver_comment,user_016,,2026-09-21T14:41:35+09:00,동의하면서 PERSON_05에게 반사
naver-20260921-020,naver-006-0000137841,naver_comment,user_017,,2026-09-21T14:39:49+09:00,개소리 집합소
